headword	definition	frequency_rank
ā	from (+abl.)	21
ā2	by (+abl.)	21
ab	from (+abl.)	21
ab2	by (+abl.)	21
abeō -īre -iī -itum	go away	553
abs	from (+abl.)	21
abs2	by (+abl.)	21
absum abesse āfuī	be away, absent	445
ac	and in addition, and also, and; (after comparatives) than; simul ac, as soon as; → atque	36
accēdō -cēdere -cessī -cessum	approach	614
accidō -cidere -cidī	fall; happen	799
accipiō -cipere -cēpī -ceptum	receive	110
ācer ācris ācre	sharp, piercing	587
aciēs -ēī f.	edge; line of battle	439
ad	to, up to, towards (+acc.)	14
addō -dere -didī -ditum	give to	433
addūcō -ere -dūxī -ductum	lead to, induce	886
adeō	(adv.) to such a degree, so	555
adeō -īre -iī -itum	go to	595
adhibeō -hibēre -hibuī -hibitum	apply	959
adhūc	thus far, to this point	379
adsum adesse affuī	be present	279
adveniō -īre -vēnī -ventum	come to, arrive at	987
adversum	facing, opposite, against, opposed (to)	460
adversum2	facing, opposite, against, opposed (to)	460
adversus	facing, opposite, against, opposed (to)	460
adversus2	facing, opposite, against, opposed (to)	460
adversus -a -um	facing, opposed; unfavorable	657
advertō -vertere -vertī -versum	turn towards	986
aedēs -is f.	building; (pl.) house	965
aeger aegra aegrum	sick	810
aegrē	with difficulty	984
aequē	equally	904
aequor aequoris n.	level surface, sea, plain	424
aequus -a -um	equal	610
āēr āeris m.	air	845
aes aeris n.	copper, bronze	744
aetās -tātis f.	age, time of life	308
aeternus -a -um	everlasting, eternal	734
aethēr aetheris n.	pure upper air, ether, heaven, sky	851
aevum -i n.	eternity; lifetime, age	875
afferō afferre attulī allātum	bring to	514
afficiō -ficere -fēcī -fectum	affect, visit with (+ abl.)	958
ager agrī m.	field	324
agitō -āre	drive	578
āgmen -minis n.	line of march	358
agō agere ēgī āctum	drive, do, act	69
aiō	say, affirm, say yes; ut āiunt: as they say	406
albus -a -um	white	925
aliās	at another time	37
aliēnus -a -um	foreign, strange	367
aliquandō	at some time, at length	763
aliquis -quae -quod	some, any; si quis, si quid: anyone who, anything that	77
aliter	otherwise, differently	782
alius -a -ud	other, another	37
alō alere aluī alitum	nourish	817
alter altera alterum	other of two	148
altus -a -um	high, lofty; deep	159
amāns -ntis m./f.	lover	219
amīca -ae f. 	friend	198
amīcitia -ae f.	friendship	690
amīcus -ī m.	friend	198
amīcus -a -um	friendly	198
āmittō -mittere -mīsī -missum	let go, send away	486
amnis -is m.	river, torrent	467
amō -āre	to love	219
amor -ōris m.	love	116
amplus -a -um	large, spacious	915
an	or (in questions); utrum ... an: whether ... or	94
anima -ae f.	breath, spirit	493
animal -ālis n.	a living being, an animal	547
animus -ī m.	spirit, mind	40
annus -ī m.	year	167
ante	before, in front (adv.)	112
ante2	before, in front of (prep. + acc.)	112
antequam	before	787
antīquus -a -um	ancient, old-time, former	617
aperiō aperīre aperuī apertum	open	837
appāreō -ēre -uī	appear, become visible	830
appellō -pellāre	call, address, name	700
aptus -a -um	fit, suitable	916
apud	near, in the presence of (+acc.)	205
aqua -ae f.	water	272
āra -ae f.	altar	374
arbitror arbitrārī arbitrātus sum	consider, think	963
arbor arboris f.	tree	468
ārdeō ārdēre ārsī ārsum	blaze, glow; be eager	618
argentum -ī n.	silver, money	849
arma -ōrum n. pl.	arms, weapons	98
ars artis f.	skill	258
arvum -ī n.	ploughed land, field	637
arx arcis f.	citadel, castle; summit	638
ascendō -ere -scendī -scēnsum	climb up, ascend	990
aspiciō -ere -spēxī -spectum	look to or at, behold	483
astrum -ī n.	star; constellation	685
at	but, but yet	74
atque	and in addition, and also, and; (after comparatives) than; simul atque, as soon as; → ac	35
auctor -ōris m.	originator, founder	546
auctōritās -ātis f.	influence, clout, authority	898
audāx audācis	bold, daring; reckless	876
audeō audēre ausus sum	dare, be eager	270
audiō -īre -īvī/-iī -ītum	hear, listen to	165
auferō auferre abstulī ablātum	take away	556
augeō augēre auxī auctum	increase	709
aura -ae f.	breeze	420
aureus -a -um	golden; splendid	691
auris -is f.	ear	366
aurum -ī n.	gold	303
aut	or	24
autem	moreover, but, however	123
auxilium -ī n.	support, assistance; (pl.) auxiliary forces	543
avis -is f.	bird	855
barbarus -ī m.	foreigner, barbarian	768
beātus -a -um	happy, blessed, prosperous, fortunate	408
bellum -ī n.	war	86
bene	well	235
beneficium -ī n.	service, kindness	182
bonus -a -um	good	68
bōs bovis m.	ox; gen. pl. boum	808
brevis -e	short, shallow, brief	589
breviter	briefly	992
cadō cadere cecidī cāsum	fall, be killed	210
caecus -a -um	blind, unseeing; dark, obscure	728
caedēs -is f.	killing, slaughter	415
caedō caedere cecīdī caesum	strike, kill, cut down	612
caelestis -e	from or of heaven; caelestēs, the gods	960
caelum -ī n.	sky, heavens	117
campus -ī m.	plain, field	391
candidus -a -um	white, fair	692
canis -is m./f.	dog	687
canō canere cecinī cantum	sing	389
capiō capere cēpī captum	seize	131
caput capitis n.	head	124
careō -ēre -uī	lack (+ abl.)	572
carmen -inis n.	song	254
cārus -a -um	dear	462
castrum -ī n.	fortress, (regularly plural, castra camp)	224
castus -a -um	pure, spotless, chaste	838
cāsus -ūs m.	a fall; chance, accident	344
causā	for the sake of (+ preceding genitive)	107
causa -ae f.	cause, reason	107
caveō cavēre cāvī cautum	be on guard, beware	941
cēdō cēdere cessī cessum	go, move; yield	304
celebrō -āre	frequent, throng, crowd	893
celer -is -e	swift	745
celeriter	quickly	967
cēnseō cēnsēre cēnsuī cēnsum	assess, rate; think, decide	928
centum	one hundred	730
cernō cernere crēvī crētum	discern, separate	655
certē	certainly, surely	601
certō -āre	decide by contest; fight, compete, vie	864
certus -a -um	sure, fixed	285
cēterum	for the rest, in addition, however, that may be	571
cēterus -a -um	the others, the rest	596
cibus -ī m.	food	863
cingō cingere cīnxī cīnctum	encircle, surround, gird	814
cinis cineris m./f.	ashes, embers	779
circā	around	735
circā2	around (+acc.)	735
citō	swiftly	590
citus -a -um	swift	590
cīvis -is m./f.	citizen	471
cīvitās -ātis f.	citizenship, state	346
clāmor -ōris m.	outcry, shout	605
clārus -a -um	clear, distinguished	395
classis -is f.	class, division, fleet	505
claudō claudere clausī clausum	close, shut	392
coepī coepisse coeptus	begin	312
cōgitō -āre	think, reflect	515
cōgnōscō -gnōscere -gnōvī -gnitum	learn, understand	339
cōgō cōgere coēgī coāctum	drive together; compel	250
cohors cohortis f.	cohort, band, troop	666
colligō -ere -lēgī -lēctum	gather together, collect	820
colō colere coluī cultum	inhabit, cultivate	333
color -ōris m.	color	725
coma -ae f.	hair, tresses	405
comes comitis m./f.	companion, comrade; attendant, follower	448
committō -mittere -mīsī -missum	join, entrust to (+ dat.); perform, do	608
commūnis -e	common, general	660
comparō -āre	get ready, provide; compare	890
compōnō -pōnere posuī positum	build, construct, arrange	443
concēdō -cēdere -cessī -cessum	yield, withdraw	663
condīciō -ōnis f.	agreement, condition	920
condō -dere -didī -ditum	build, found; store up; hide, conceal	540
cōnferō cōnferre contulī collātum	collect, bring to	645
cōnficiō -ficere -fēcī -fectum	complete, accomplish; destroy, kill, consume	894
cōnfiteor cōnfitērī cōnfessus sum	admit (a fact), confess (a crime); reveal, disclose	972
coniunx coniugis m./f.	spouse, husband, wife	218
cōnor cōnārī cōnātus sum	try, attempt	905
cōnsequor -sequī -secūtus sum	follow up, overtake, attain	917
cōnsilium -ī n.	plan; council, group of advisors	217
cōnsistō -sistere -stitī	take position; consist in, be composed of	780
cōnstituō -stituere -stituī -stitūtum	establish, put together	652
cōnstō -stāre -stitī	agree; constat, it is established that (+ acc. and infin.)	731
cōnsuētūdo -inis f.	custom, habit	954
cōnsul -ulis m.	consul	321
cōnsulō -sulere -suluī -sultum	consult, plan (+ acc.); consider the interests of (+dat)	757
cōnsūmō -sūmere -sūmpsī -sūmptum	to use up, consume	869
contemnō -temnere -tempsī -temptum	despise, scorn, disdain	615
contineō -tinēre -tinuī -tentum	contain, restrain	804
contingō -tingere -tigī -tactum	touch, be contiguous to	494
contrā	against, opposite	271
contrā2	against, opposite (+acc.)	271
conveniō -venīre -vēnī -ventum	assemble, meet; agree	698
convertō -vertere -vertī -versum	turn about, turn, change	834
convīvium -iī n.	banquet, feast	921
cōpia -ae f.	abundance; (pl.) troops	331
cor cordis n.	heart; cordī est, it is pleasing to (+ dat.)	795
cornu -ūs n.	horn	591
corpus corporis n.	body	75
corrumpō -rumpere -rūpī -ruptum	break up, destroy, ruin	870
crēdō crēdere crēdidī crēditum	believe	109
creō -āre	produce, create; elect, choose	978
crēscō crēscere crēvī crētum	grow, increase	609
crīmen -inis n.	verdict, accusation	475
culpa -ae f.	guilt, fault, blame	769
cum	with (prep. + abl.)	10
cum2	when, since, although (conjunction + subj.)	10
cūnctus -a -um	entire all together	292
cupīdō -inis f.	desire, eagerness, craving	906
cupiō -ere -īvī -ītum	desire	441
cūr	why?	404
cūra -ae f.	care, concern	186
cūrō -āre	watch over, look after, care for (+ acc.)	743
currō currere cucurrī cursum	run	562
currus -ūs m.	chariot	491
cursus -ūs m.	course, advance	351
custōs custōdis m.	guardian	622
damnō -āre	condemn	751
damnum -ī n.	damage, injury	926
dē	down from, about, concerning (+ abl.)	46
dea -ae f.	goddess	42
dēbeō dēbēre dēbuī dēbitum	owe, be obliged	155
decem	ten	914
dēcernō -cernere -crēvī -crētum	determine, decide	800
decet decēre decuīt	it is right, proper, fitting (+ acc. + infin.)	718
decus decoris n.	beauty, grace; ornament, glory, honor	548
dēdūcō -dūcere -dūxī -ductum	launch, lead away	661
dēfendō -fendere -fendī -fēnsum	defend, ward off	653
dēferō -ferre -tulī -lātum	carry away, report	805
deficiō -ficere -fēcī -fectum	fail, give out; revolt from	676
dein	then, next	150
deinde	then, next	150
dēnique	finally	796
dēscendō -scendere -scendī -scēnsum	climb down, descend	802
dēserō -ere dēseruī dēsertum	leave, desert, abandon	544
dēsīderō -āre	long for, desire greatly	892
dēsinō -sinere -siī -situm	leave off, cease	624
dēsum -esse -fuī	be lacking	463
deus -ī m.; dea -ae f.	god; goddess	42
dexter -tra -trum	right	260
dextera -ae f.	right hand	260
dīcō dīcere dīxī dictum	say; causam dīcere, plead a case; diem dīcere, appoint a day	33
diēs diēī m./f.	day	54
differō differre distulī dīlātum	scatter; publish, divulge; differ; defer, postpone	880
difficilis -e	not easy, hard, difficult	861
dīgnitās -ātis f.	worth, reputation, honor	956
dīgnus -a -um	worthy	291
dīligō -ligere -lēxī -lēctum	choose, cherish, love	973
dīmittō -mittere -mīsī -missum	send away	777
discēdō -ere -cessī -cessum	go away, depart	726
disciplīna -ae f.	training, instruction; learning, discipline	982
discō -ere didicī	learn	465
diū	for a long time	361
dīversus -a -um	different, diverse	641
dīves dīvitis	rich (poet. dīs, dītis)	564
dīvidō -ere dīvīsī dīvīsum	divide, separate	628
dīvitiae -ārum f. pl.	riches, wealth	712
dīvus -a -um	divine, godlike	962
dō dare dedī datum	give	28
doceō -ēre -uī doctum	teach	393
doleō -ēre doluī	feel pain or grief, grieve	785
dolor -ōris m.	pain, grief	193
dolus -ī m.	artifice, device, trick	701
domina -ae f.	household mistress	241
dominus -ī m.	household master, lord	241
domus -ūs f.	house, home	73
dōnec	until	771
dōnō -āre	present with a gift (+ acc. of person and abl. of thing)	606
dōnum -ī n.	gift, present	476
dormiō -īre	sleep	975
dubitō -āre	hesitate, doubt	521
dubius -a -um	doubtful, sine dubiō, without a doubt, certainly	528
dūcō dūcere dūxī ductum	lead; uxōrem dūcere, marry	133
dulcis -e	sweet	383
dum	while (+ indic.); until (+ subj.); provided that (+ subj.)	103
duo duae duo	two	221
dūrus -a -um	hard, tough, harsh	249
dux ducis m./f.	leader, general	239
ecce	behold!	643
ēdīcō -dīcere -dīxī -dictum	declare	996
ēdō ēdere ēdidī ēditum	put forth, state, explain	688
ēdūcō -dūcere -dūxī -ductum	lead forth	935
efficiō -ficere -fēcī -fectum	bring about, complete; render (+ ut + subj.)	573
effundō -fundere -fūdī -fūsum	pour out	719
ego meī mihi mē	I, me	11
ēgredior ēgredī ēgressus sum	stride out, depart, disembark from (+ abl.)	912
ēgregius -a -um	distinguished, uncommon	860
ēligō ēligere ēlēgī ēlēctum	pick out, select	942
enim	for, indeed	57
eō	(adv.) there, to that place	470
eō īre iī/īvī itum	go	97
epistula -ae f.	letter	951
eques -itis m.	horseman, knight	296
equus -ī m.	horse	248
ergō	therefore	134
ēripiō -ripere -ripuī -reptum	snatch away, rescue, save	349
errō -āre	go astray, wander	402
error -ōris m.	wandering; error, mistake	832
et	and	1
etiam	also, even	67
ē	out of, from (+ abl.)	26
ex	out of, from (+ abl.)	26
excipiō -cipere -cēpī -ceptum	take out	394
exemplum -ī n.	example, sample, copy	519
exeō -īre -iī -itum	go forth	597
exerceō -ercēre -ercuī -ercitum	train, exercise, carry on	576
exercitus -ūs m.	army	267
exigō -igere -ēgī -āctum	drive out; collect	500
exīstimō -āre	think, believe	613
experior -perīrī -pertus sum	try thoroughly, test, experience	713
exsilium -ī n.	exile, banishment	794
exspectō -āre	watch, wait, expect	442
extrēmus -a -um	farthest, situated at the end or tip, extreme	385
fābula -ae f.	account, tale, story	966
faciēs -ēī f.	form, appearance	479
facilis -e	easy	451
facinus facinoris n.	deed, crime	646
faciō facere fēcī factum	do, make	32
factum -ī n.	deed, accomplishment	611
fallō fallere fefellī falsum	deceive	503
falsus -a -um	deceptive, false	633
fāma -ae f.	rumor, fame	278
famēs -is f.	hunger, famine	828
familia -ae f.	household, family	943
fateor fatērī fassus sum	admit, confess; profess, declare; assent, say yes	689
fātum -ī n.	fate; death	157
fax facis f.	torch	511
fēlīciter	luckily	994
fēlīx -īcis	lucky	309
fēmina -ae f.	woman	501
ferē	almost	907
ferō ferre tulī lātum	bear, carry, endure	45
ferrum -ī n.	iron, iron weapon or implement	231
fera -ae f.	wild animal	222
ferus -a -um	wild, fierce	222
fessus -a -um	weary, tired	625
fidēlis -e	faithful	979
fidēs -eī f.	trust, faith	184
fīlia -ae f.	daughter	909
fīlius -ī m.	son	909
fingō fingere fīnxī fīctum	shape; invent	721
fīnis -is m.	end, boundary	236
fīō fierī factus sum	become, happen, be done	146
flamma -ae f.	flame, fire	298
fleō flēre flēvī flētum	weep	457
flōs flōris m.	flower, bloom	818
fluctus -ūs m	flood, billow, surf	498
flūmen -inis n.	stream, river	283
fluō fluere fluxī fluxum	flow	772
foedus -a -um	foul	922
fōns fontis m.	spring, fountain	706
for fārī fātus sum	report, say	739
fore = futūrum esse; forem, forēs, foret, forent = essem, essēs, esset, essen		985
fōrma -ae f.	shape; beauty	422
fors fortis f.	chance	993
forsitan	perhaps, perchance	833
fortasse	perhaps, perchance	833
fortē	by chance	579
fortis -e	brave	286
fortūna -ae f.	fortune	138
forum -ī n.	market-place, forum	811
frangō frangere frēgī frāctum	break, shatter	345
frāter frātris m.	brother	225
frequēns -ntis	in large numbers, often	918
frōns frontis f.	forehead, brow; front	559
frūctus -ūs m.	fruit, crops; enjoyment, delight	927
frūmentum -ī n.	grain	936
fruor fruī frūctus sum	enjoy the produce of, profit by, use (+ abl.)	923
frūstrā	in vain	694
fuga -ae f.	flight, route	364
fugiō fugere fūgī fugitum	flee, escape	177
fugō -āre	put to flight	957
fundō fundere fūdī fūsum	pour, scatter	523
fūnus fūneris n.	funeral; death; dead body	524
furor -ōris m.	rage, fury	466
gaudeō gaudēre gāvīsus sum	rejoice	407
gaudium -ī n.	delight, joy, pleasure	727
gēns gentis f.	family, clan	194
genus generis n.	origin, lineage, kind	170
gerō gerere gessī gestum	bear, manage; bellum gerere, wage war	237
gīgnō gīgnere genuī genitum	beget, bear, bring forth	667
gladius -ī m.	sword	862
glōria -ae f.	glory, fame	360
gradus -ūs m.	step, pace; grade, rank	577
grātia -ae f.	favor, influence, gratitude	380
grātus -a -um	pleasant; grateful	434
gravis -e	heavy, serious	140
habeō habēre habuī habitum	have, hold	39
haud	not	226
hīc	here	80
hic haec hoc	this, these	7
hiems hiemis f.	winter	803
hinc	from here	80
hodiē	today	981
homō hominis m.	human being	88
honestus -a -um	honorable	580
honor -ōris m.	honor, glory; office, post	290
hōra -ae f.	hour	664
hortor hortārī hortātus sum	urge strongly, advise, exhort	887
hospes hospitis m.	guest, guest-friend; stranger; host	873
hostis -is m./f.	stranger, enemy	93
hūc	to this place	368
hūmānus -a -um	human	355
humus -ī f.	ground; humī: on the ground	740
iaceō iacēre iacuī	lie	228
iaciō iacere iēcī iactum	throw, hurl	899
iam	now; already	34
ibi	there	619
īctus -ūs m.	blow, stroke	819
īdem eadem idem	the same	59
ideō	for this reason	679
igitur	therefore	313
ignis -is m.	fire	151
ille illa illud	that	8
illīc	at that place, there	396
illinc	from that place	
illūc	to that place	955
imāgō -inis f.	image, form, figure	754
imperātor -ōris m.	commander	723
imperium -ī n.	command, power	200
imperō -āre	command, control	602
impetus -ūs m.	attack	421
impleō -ēre -plēvī -plētum	fill in, fill up	671
impōnō -ere -posuī -positum	put in, put on, impose, levy upon	437
in	in, on (+ abl.); into, onto (+ acc)	5
incidō incidere incidī	fall upon, fall into; happen	871
incipiō -cipere -cēpī -ceptum	begin	411
inde	from there, from then	328
indicō -āre	point out, show, make known	980
īnferō īnferre intulī illātum	bring upon, against; bellum īnferre: make war on	742
īnferus -a -um	low; īnferior: lower; īnfimus or īmus: lowest	428
ingenium -ī n.	disposition, ability, talent	387
ingēns ingentis	huge, enormous	202
ingrātus -a -um	unpleasant, disagreeable	592
ingredior -gredī -gressus sum	step in, enter	885
inimīcus -a -um	unfriendly	952
initium -ī n.	beginning	865
iniūria -ae f.	injustice, wrong, affront	381
inquam, inquis, inquit, inquiunt	say (used with direct speech)	163
īnstituō -stituere -stituī -stitūtum	undertake; equip	931
īnsula -ae f.	island	908
integer -gra -grum	untouched, fresh, complete, whole	815
intellegō -legere -lēxī -lēctum	understand	512
intendō -tendere -tendī -tentum	stretch out, strain	895
inter	between, among; during (+ acc.)	64
interficiō -ficere -fēcī -fectum	kill	699
interim	meanwhile	693
interrogō -āre	put a question to, ask (+ acc.)	953
intersum -esse -fuī	to be between; take part in, attend (+dat.); interest, it is in the interest of (+ gen.)	760
intrā	within (+ acc.)	704
intrō -āre	enter	766
inveniō -venīre -vēnī -ventum	find; discover	316
invidia -ae f.	envy, jealousy, hatred	707
ipse ipsa ipsum	him- her- itself	22
īra irae f.	wrath, anger	187
īrāscor īrāscī īrātus sum	grow angry	809
īrātus -a -um	angry	
is ea id	he, she, it	13
iste ista istud	that, that of yours	81
istīc	over there	81
istūc	over there	81
istinc	from over there	81
ita	thus, so	120
itaque	and so, therefore	208
item	likewise	932
iter itineris n.	journey, route	230
iterum	again	758
iubeō iubēre iussī iussum	bid, order	84
iūdex iūdicis m.	judge, juror	839
iūdicium -ī n.	judgment, decision, trial	749
iūdicō -āre	judge, decide	565
iugum -ī n.	yoke; ridge, chain of hills	335
iungō iungere iūnxī iūnctum	join	513
iūrō -āre	take an oath, swear	896
iūs iūris n.	right, justice, law	314
iūs iūrandum	oath	
iūstus -a -um	right, just, fair	770
iuvenis -is m.	youth	277
iuvō iuvāre iūvī iūtum	help, assist; please, delight	390
labor -ōris m.	toil, exertion	201
labōrō -āre	toil, work; be in trouble or distress	900
lacrima -ae f.	tear	354
laedō laedere laesī laesum	injure by striking, hurt	783
laetus -a -um	glad, joyful	262
lapis lapidis m.	stone	840
lateō latēre latuī	lie hidden, be hidden	695
lātus -a -um	broad, wide	824
latus -eris n.	side, flank	382
laudō -āre	praise	435
laus laudis f.	praise, glory	444
lēgātus -ī m.	lieutenant, envoy	464
legiō -ōnis f.	legion	370
legō legere lēgī lēctum	gather, choose, read	419
levis -e	light, trivial	220
lēx lēgis f.	law	264
līber lībera līberum	free	229
līberī -ōrum m. pl.	freeborn children	
liber librī m.	book	901
lībertās -ātis f.	freedom	495
libet libēre libuit or libitum est	it is pleasing (+ dat. + infin.)	729
libīdō -inis f.	passion, lust	761
licet	even though	778
licet licēre licuit licitum est	it is permitted (+ dat. + infin.)	175
līmen līminis n.	threshold	516
lingua -ae f.	tongue; language	732
littera -ae f.	letter, (pl.) literature	710
lītus -oris n.	shore	245
locus -ī m.	place; loca (n. pl.) region	62
longē	far, far off	400
longus -a -um	long, far	142
loquor loquī locūtus sum	speak, talk	310
lūmen luminis n.	light	375
lūna -ae f.	moon	902
lūx lūcis f.	light of day	299
maestus -a -um	sad, sorrowful; depressing	669
magis	more	90
magister magistrī m.	master, chief	933
māgnitūdō -inis f.	greatness, size	672
māgnus -a -um	great	25
māiōrēs māiōrum m.	ancestors	764
male	(adv.) badly	603
mālō mālle māluī	prefer	598
malus -a -um	bad, evil	227
maneō manēre mānsī mānsum	remain	357
manus -ūs f.	hand; band of men	48
mare -is n.	sea	125
marītus -ī m.	husband	654
māter mātris f.	mother	127
māteria -ae f.	material, subject matter; timber, lumber	857
medius -a -um	middle, central	162
membrum -ī m.	limb, member of the body	481
meminī meminisse	remember, recollect	670
memoria -ae f.	recollection, memory	627
mēns mentis f.	mind	173
mēnsa -ae f.	table	747
mereō merēre meruī meritum	deserve, merit; serve as a soldier	852
metuō metuere metuī	to fear, to dread	429
metus -ūs m.	fear, dread	215
meus -a -um	my	41
mīles -itis m.	soldier	161
mīlle (pl.) mīlia	thousand	247
mīror mīrārī mīrātus sum	wonder at, marvel at (+ acc.)	504
misceō miscēre miscuī mixtum	mix	425
miser misera miserum	wretched, pitiable	137
mittō mittere mīsī missum	send, let go	114
modo	just, just now; modo ... modo: now ... now, at one moment ... at another, sometimes ... sometimes	152
modus -ī m.	measure, manner, kind	195
moenia -ium n. pl.	walls, fortifications	593
mollis -e	soft, yielding, gentle	356
moneō monēre monuī monitum	warn, advise	711
mōns montis m.	mountain	242
mora -ae f.	delay, hindrance	399
morbus -ī m.	sickness, disease	658
morior morī mortuus sum	die	253
moror morārī morātus sum	delay	581
mors mortis f.	death	95
mortālis -e	liable to death, mortal	950
mōs mōris m.	custom, habit; (pl.) character	181
moveō -ēre mōvī mōtum	move	192
mox	soon	469
mulier -eris f.	woman	961
multitūdō -inis f.	multitude, number	733
multus -a -um	much, many; multō, by far	43
mundus -a -um	clean, neat, elegant	997
mundus -ī m.	world, universe, heavens	350
mūnus mūneris n.	gift, offering; duty, obligation; (pl.) gladiatorial show	276
mūrus -ī m.	wall	508
mūtō -āre	change	315
nam or namque	for, indeed, really	61
namque	for, indeed, really	61
narrō -āre	relate, recount	910
nāscor nāscī nātus sum	be born	266
nātūra -ae f.	nature	180
nātus -ī m.	son	211
nāvis -is f.	ship	353
nē	lest, that not	47
ne (enclitic)	interrogative particle attached to the emphatic word in a question	238
nec	and not, nor; nec ... nec, neither ... nor; → neque	19
necesse (indecl. adj.)	necessary	773
necessitās -tātis f.	necessity, need	911
nefās	impiety, wickedness	541
negō -āre	deny, refuse	294
negōtium -ī n.	business	846
nēmō	no one (gen. nūllīus, dat. nūllī, abl. nūllō or nūllā → nūllus -a -um)	179
nemus nemoris n.	grove, forest	461
neque	and not, nor; neque ... neque, neither ... nor; → nec	72
nesciō -scīre	not know, be ignorant	525
niger nigra nigrum	black	634
nihil	nothing; not at all	55
nīl	nothing; not at all	55
nimis	excessively	841
nimium	excessively	841
nimius -a -um	too much, excessive	502
nī	if not, unless	100
nisi	if not, unless	100
nōbilis -e	distinguished, noble; (as subst.) a nobleman or woman	455
noceō nocēre nocuī	harm	509
nōlō nōlle nōluī	be unwilling	458
nōmen -inis n.	name	135
nōn	not	6
nōndum	not yet	436
nōs nostrum/nostrī nōbīs nōs	we	51
nōscō nōscere nōvī nōtum	learn, know	347
noster nostra nostrum	our	52
nōtus -a -um	well-known	477
novus -a -um	new	139
nox noctis f.	night	119
nūdus -a -um	naked, bare	545
nūllus -a -um	not any, no one	49
num	interrogative particle implying negative answer	924
nūmen -inis n.	divine will, deity	452
numerus -ī m.	number, amount	338
numquam	never	251
nunc	now	50
nūntius -ī m.	messenger; news	919
ob	against, on account of (+acc)	449
occīdō -cīdere -cīdī -cīsum	kill, cut down	801
occupō -āre	seize, occupy; anticipate, do a thing first (+ infin.)	472
occurrō -currere -cucurrī -cursum	run to meet; come into one’s mind	677
oculus -ī m.	eye	206
ōdī ōdisse	hate	790
odium -ī n.	hatred	522
offerō offerre obtulī oblātum	present, offer, expose	812
officium -ī n.	service, duty	607
ōlim	formerly, at that time	574
omnis -e	all, every, as a whole	18
onus oneris n.	load, burden	842
opera -ae f.	labor, activity, work	843
oportet -ēre -uit	it is proper, right (+ acc. + infin.)	806
oppidum -ī n.	town	635
ops opis f.	assistance, resources	318
optō -āre	choose, select	417
opus operis n.	work	332
ōrātiō -ōnis f.	speech, address	736
orbis -is m.	circle; orbis terrārum: world	322
ōrdō -īnis m.	order, rank	416
orior orīrī ortus sum	arise, begin	642
ōrō -āre	pray	755
ōs ōris n.	mouth, face	147
os ossis n.	bone	696
ostendō ostendere ostendī ostentum	show, hold out	371
ōtium -ī n.	leisure	715
paene	almost	944
pār paris	equal	281
parātus -a -um	ready	
parcō parcere pepercī parsum	spare, be sparing of (+ dat.)	412
parēns -ntis m./f.	parent	190
pāreō pārēre pāruī	obey	847
pariō parere peperī partum	bring forth, give birth to; accomplish	829
parō -āre	prepare, acquire	160
pars partis f.	part	65
parum	too little	204
parvus -a -um	small	143
pateō patēre patuī	lie open, extend; be evident or obvious	550
pater patris m.	father, ancestor	71
patior patī passus sum	permit, endure	185
patria -ae f.	fatherland, country	342
paucī -ae -a	few	858
paulō	to only a small extent, slightly, a little	872
paulum	to only a small extent, slightly, a little	872
pauper -eris	poor, lowly	844
pāx pācis f.	peace	388
peccō -āre	commit a wrong, injure	792
pectus -oris n.	chest, breast	183
pecūnia -ae f.	money	530
pecus -oris n.	cattle, sheep	566
pellō pellere pepulī pulsum	strike, beat, push, drive	563
pendō pendere pependī pēnsum	weigh, hang, suspend; pay	988
per	through (+acc.)	30
perdō -dere -didī -ditum	destroy	488
pereō -īre -iī -itum	perish, be lost	268
pergō pergere perrēxī perrēctum	continue, proceed; awaken	821
perīculum -ī n.	danger	265
permittō -mittere -mīsī -missum	yield, allow, permit	702
perpetuus -a -um	unbroken, perpetual	891
pertineō -tinēre -tinuī	extend over, reach; refer to, pertain to, be the business of	866
perveniō -venīre -vēnī -ventum	arrive, reach	409
pēs pedis m.	foot	199
petō petere petīvī petītum	seek, aim at	83
pietās -tātis f.	sense of duty, devotion, esp. between parents and children	767
pius -a -um	dutiful, devoted, just, pious	748
placeō placēre placuī placitum	please	287
plēbs plēbis f.	the common people	649
plēnus -a -um	full	459
plērumque	generally	974
plērus- plēra- plērumque	the greater part, very many, most, the majority	968
poena -ae f.	penalty, punishment	223
poēta -ae m.	poet	913
pondus ponderis n.	weight	636
pōnō pōnere posuī positum	put, place; put aside	102
pontus -ī m.	the open sea, the deep	630
populus -ī m.	people	122
porta -ae f.	gate	759
portō -āre	carry a load	853
pōscō pōscere popōscī	demand, claim; inquire into	487
possum posse potuī	be able	23
post	after (adv.)	164
post2	after (prep. +acc.)	164
posteā	afterwards	964
posterus -a -um	next, later	877
postquam	after	384
potēns potentis	able, powerful	567
potestās -ātis f.	power	737
potis -e	powerful, able	947
praebeō -ēre -uī -itum	furnish, supply, render	584
praeceptum -ī n.	rule, precept; command	825
praecipiō -cipere -cēpī -ceptum	anticipate, advise, warn	945
praeda -ae f.	booty, prey	626
praemium -ī n.	bounty, reward	680
praesēns -ntis	present, in person, ready	822
praesidium -ī n.	garrison, protection	582
praestō -stāre -stitī -stitum	excel, exhibit	423
praeter	by, along, past; besides, except (+ acc.)	756
praetereā	besides, moreover	681
praetor -ōris m.	praetor, one of the chief Roman magistrates	878
precor -ārī	pray, invoke	492
premō premere pressī pressum	press, pursue, overwhelm	240
pretium -ī n.	price, worth, reward; pretium operae: a reward for trouble	629
prex precis f.	prayers, entreaties	520
prīmum	at first, firstly	252
prīmus -a -um	first	91
prīnceps -cipis	first, chief	317
prīncipium -ī n.	beginning	948
prior prius	earlier, preceding	526
prius	before	484
priusquam	before	484
prīvātus -a -um	personal, private	882
prō	for, on behalf of, in proportion to (+abl.)	128
probō -āre	approve, prove; convince one (dat.) of a thing (acc.)	784
prōcēdō -cēdere -cessī -cessum	go forth, advance	746
procul	at a distance	397
prōdō prōdere prōdidī prōditum	publish, hand down; give over, betray	929
proelium -ī n.	battle	348
proficīscor -ficīscī -fectus sum	set forth, go	835
prohibeō -ēre -uī -itum	restrain, keep away	604
prōmittō -mittere -mīsī -missum	send forth, offer	720
prope	near, next; (comp.) propior, (superl.) proximus; (adv.) prope, nearly, almost	189
properō -āre	hasten, speed	537
prōpōnō -pōnere -posuī -positum	put forth, propose, present	930
proprius -a -um	one’s own, peculiar	854
propter	because of (+ acc.)	560
prōsum prodesse profuī	be of use, do good, help (+ dat.)	373
prōtinus	at once, forthwith	903
prōvincia -ae f.	province; official duty	620
pūblicus -a -um	public, belonging to the state	517
pudor pudōris m.	sense of shame, modesty, propriety	616
puella -ae f.	girl; girl-friend	233
puer puerī m.	boy; slave	191
pūgna -ae f.	fist-fight; battle	650
pūgnō -āre	fight	708
pulcher -chra -chrum	beautiful	569
putō -āre	think, suppose	166
quā	where, how	336
quaerō -rere -sīvī -sītum	seek, inquire	113
quālis -e	of what kind? what?	263
quam	how?	29
quam2	(after comparative) than	29
quamquam	however, although	644
quamvīs	however you like; although	489
quandō	when?; since	621
sī quandō	if ever	
quantum	(adv.) how much? how greatly? how much! how greatly! as much as	557
quantus -a -um	(interr.) how great? (rel.) of what size, amount, etc.	311
quārē	how? why?	786
quasi	as if	938
quattuor	four	867
que	and (postpositive enclitic)	4
quemadmodum	in what manner, how	531
queror querī questus sum	complain of, lament	518
quī quae quod	who, which, what	3
quia	because	132
quīcumque quaecumque quodcumque	who-, whatever	284
quīdam quaedam quoddam	a certain one, someone	126
quidem	certainly, at least	136
quiēscō quiēscere quiēvī quiētum	keep quiet; sleep	969
quīn	indeed, in fact	456
quīn2	so that ... not (+ subj.)	456
quīppe	(adv.) indeed, surely	499
quis quid	who? what? which?	212
quisquam quicquam/quidquam	any (single) person, anyone at all	12
quisque quaeque quidque	each one, everyone	197
quisquis quidquid	whoever, whichever	129
quō	for which reason; to or in what place; to what end, for what purpose?	305
quōmodo	in what way, how?	831
quondam	formerly, once	542
quoniam	since, seeing that	510
quoque	also, too	76
quotiēns	how many times?	970
rapiō rapere rapuī raptum	seize, tear away	273
rārus -a -um	wide apart, loose, thin; rare, seldom	752
ratiō -ōnis f.	method, plan, reason	256
recēdō -cēdere -cessī -cessum	step back, recoil, recede, withdraw	826
recēns -ntis	fresh, new	781
recipiō -cipere -cēpī -ceptum	take back, receive; sē recipere, betake oneself, go	319
rēctus -a -um	straight, direct	823
reddō -dere -didī -ditum	return, give back	174
redeō -īre -iī -itum	go back, return	301
referō referre rettulī relātum	bring back; report	171
regiō -ōnis f.	boundary, region	585
rēgius -a -um	kingly, royal	561
rēgnum -ī n.	kingship, kingdom	121
regō regere rēxī rēctum	guide, rule	554
relinquō -linquere -līquī -lictum	abandon	144
reliquus -a -um	remaining, rest	788
reor rērī rātus sum	think, imagine, suppose, deem	774
reperiō -perīre -pperī -pertum	find, find out	765
repetō -petere -petīvī -petītum	demand, exact; revisit; call to mind, recollect; repeat	651
rēs reī f.	thing (rēs pūblica, commonwealth; rēs familiāris, family property, estate; rēs mīlitāris, art of war; rēs novae, revolution)	38
respicio -ere -spēxī -spectum	look back, regard, consider	722
respondeō -spondēre -spondī -spōnsum	answer	535
retineō -tinēre -tinuī -tentum	hold back, keep	647
reus -ī m.	defendant	888
revertō -vertere -vertī	turn back	995
revocō -āre	call back, recall	813
rēx rēgis m.	king	60
rīdeō -ēre rīsī rīsum	laugh, laugh at	874
rīpa -ae f.	bank of a river	662
rogō -āre	ask	551
rumpō rumpere rūpī ruptum	break, rupture	480
rūrsus	back, again	440
rūs rūris n.	country	879
sacer sacra sacrum	holy, sacred	398
sacerdōs -dōtis m./f.	priest, priestess	939
saeculum -ī n.	generation, age, century	776
saepe	often	145
saevus -a -um	fierce, raging, wrathful	244
salūs -ūtis f.	health, safety	549
sānctus -a -um	sacred, inviolable	659
sanguis -inis m.	blood	214
sānus -a -um	sound, sane	946
sapiēns -ntis	wise man	453
sapientia -ae f.	wisdom	797
sat	(adv.) enough, sufficiently	341
satis	(adv.) enough, sufficiently	341
saxum -ī n.	rock, cliff, crag	306
scelus -eris n.	crime, sin	154
scientia -ae f.	knowledge	971
scīlicet	certainly, of course	889
sciō -īre -īvī/-iī -ītum	know	172
scrībō scrībere scrīpsī scrīptum	write	568
secundus -a -um	following; favorable	836
sēcūrus -a -um	free from care, tranquil; careless	697
sed	but	20
sedeō sedēre sēdī sessum	sit	506
sēdēs -is f.	seat, abode, habitation	403
semel	once	789
semper	always, ever	149
senātus -ūs m.	senate	329
senex -is m.	old man, elder; senior, older	558
sēnsus -ūs m.	feeling, emotion, sense	793
sententia -ae f.	opinion, judgment	586
sentiō sentīre sēnsī sēnsum	perceive, feel, hear, see	302
sepulcrum -ī n.	place of burial, tomb, grave	949
sequor sequī secūtus sum	follow	108
sermō -ōnis m.	conversation, discourse	575
serviō -īre	be a slave, serve (+ dat.)	883
servō -āre	save, watch over	289
servus -ī m.	slave	496
seu	whether → sīve	343
seu … seu	whether ... or → sīve	343
sī	if	16
sīc	in this manner, thus; sīc ... ut: in the same way as	79
sīcut	just as	791
sīdus -eris n.	star, constellation	359
sīgnum -ī n.	sign, standard, mark	261
silva -ae f.	forest, grove	234
similis -e	like, similar	414
simul	at the same time	274
sine	without (+ abl.)	104
singulī -ae -a	one each	507
sinō sinere sīvī situm	allow, let go	717
sinus -ūs m.	fold of a garment; lap, bay, gulf	478
sīve	whether; sīve ... sīve: whether ... or → seu	362
sīve … sīve	whether ... or → seu	362
socius -a -um	friendly, allied	372
socius -ī m.	partner, comrade	372
sōl sōlis m.	sun	320
soleō -ēre -uī -itum	be accustomed	246
sōlum	only, merely	897
sōlus -a -um	only, alone	176
solvō solvere solvī solūtum	release, set sail	325
somnus -ī m.	sleep, slumber; (pl.) dreams	438
sonō sonāre sonuī sonitum	sound, resound	583
soror -ōris f.	sister	497
sors sortis f.	lot, fate, destiny; oracle	639
spargō spargere sparsī sparsum	scatter	532
spatium -ī n.	space	426
speciēs -ēī f.	aspect, appearance	599
spectō -āre	look at, consider	473
spērō -āre	to hope	648
spēs speī f.	hope	232
spīritus -ūs m.	breath, life, spirit	703
statim	immediately	798
statuō -ere -uī -ūtum	set up, determine	678
stella -ae f.	star	934
stō stāre stetī statum	stand	168
studeō -ēre -uī	be eager, be zealous, care for (+ dat.)	989
studium -ī n.	eagerness, zeal	450
sub	under, close to (+acc. or abl.)	118
subeō -īre -iī -itum	go under; endure	538
subitō	suddenly, unexpectedly	848
sui sibi sē/sēsē	him- her- itself, themselves	17
sum esse fuī	be, exist	2
sūmō sūmere sūmpsī sūmptum	take up	454
super	over (adv.)	401
super2	over (prep. +acc.)	401
superbus -a -um	overbearing, proud, haughty	656
superī -ōrum m. pl.	those above, i.e. the gods	714
superō -āre	overcome, surpass, defeat	668
supersum -esse -fuī	remain, survive; be superfluous (to)	623
superus -a -um	situated above, upper	99
supplicium -ī n.	punishment, penalty	683
suprā	above, beyond (adv.)	588
suprā2	above, beyond (prep. +acc.)	588
surgō surgere surrēxī surrēctum	rise	570
suscipiō -cipere -cēpī ceptum	take up	937
sustineō sustinēre sustinuī sustentum	hold up, sustain	762
suus -a -um	his own, her own, its own	27
taceō -ēre -uī -itum	be silent	369
tacitus -a -um	silent	369
tālis tāle	such	203
tam	so, so much	96
tamen	nevertheless, still	58
tamquam	so as, just as	363
tandem	finally	427
tangō tangere tetigī tāctum	touch	534
tantum	only	216
tantummodo	only	216
tantus -a -um	so great, so much	105
tardus -a -um	slow, sluggish, lingering	738
tēctum -ī n.	roof; building, house	386
tegō tegere tēxī tēctum	cover, conceal	376
tellus tellūris f.	earth	337
tēlum -ī n.	missile, weapon, spear	255
tempestas -tātis f.	period of time, season; bad weather, storm	753
templum -ī n.	consecrated ground; temple	485
temptō -āre	try, test	430
tempus -oris n.	time	89
tendō tendere tetendī tentum	stretch, extend, direct (one’s steps or course)	529
tenebrae -brārum f. pl.	darkness, the shadows	775
teneō -ēre -uī tentum	hold, keep	106
tener -era -erum	tender	490
tergum -ī n.	back, rear; ā tergō: from the rear	474
terra -ae f.	land	70
terreō terrēre terruī territum	terrify, frighten	705
tertius -a -um	third	682
testis -is m.	witness	741
timeō -ēre -uī	to fear, to dread	153
timor -ōris m.	fear	536
tollō tollere sustulī sublātum	raise up, destroy	293
tot	so many	259
tōtus -a -um	whole, entire	78
trādō -dere -didī -ditum	hand over, yield	297
trahō trahere trāxī trāctum	drag, draw	213
trānseō -īre -iī -itum	go across	431
trēs tria	three	533
tribūnus -ī m.	tribune, title of various Roman officials, as mīlitum, plēbis, aerāriī	807
trīstis -e	sad, solemn, grim	275
tū tuī tibi tē	you (sing.)	9
tum	then	56
tunc	then	56
turba -ae f.	crowd, uproar	323
turbō -āre	disturb, confuse	868
turpis -e	ugly, unsightly; disgraceful	377
tūtus -a -um	safe, protected	365
tuus -a -um	your	44
ubi	where, when	92
ūllus -a -um	any, anyone	178
ultimus -a -um	farthest, final, last, ultimate	432
ultrā	beyond, further (adv.)	600
ultrā2	beyond, further (prep. + acc.)	600
umbra -ae f.	shade, shadow	257
umquam	ever	482
unda -ae f.	wave, flowing water, water	207
unde	from where	300
undique	from all sides, on all sides	686
ūnus -a -um	one	53
urbs urbis f.	city	82
ūsque	up to; continuously	527
ūsus -ūs m.	use, experience	446
ut	as (+ indic.)	15
ut2	so that, with the result that (+ subj.)	15
utī	as (+ indic.)	15
utī2	so that, with the result that (+ subj.)	15
uterque utraque utrumque	each of two	243
ūtilis -e	useful	850
ūtor ūtī ūsus sum	use, consume, employ (+ abl.)	330
utrum	whether; utrum ... an: whether ... or	827
uxor uxōris f.	wife	552
vacō vacāre	be empty, open, unoccupied	724
vacuus -a -um	empty	673
valeō valēre valuī	be strong, excel, be valid, prevail	539
valē	farewell!	
vagus -a -um	wandering, shifting	674
validus -a -um	strong	816
vanus -a -um	empty; false, deceitful	856
varius -a -um	changing, varied, various	631
vātēs -is m.	poet, bard	684
ve	or (postpositive enclitic)	307
vehō vehere vēxī vectum	carry	632
vehor vehī vectus sum	travel, ride	632
vel	or else, or; even	141
vel ... vel	either … or	141
velut	even as, just as	447
veniō venīre vēnī ventum	come	63
ventus -ī m.	wind	269
verbum -ī n.	word	188
vērē	truly	983
vereor verērī veritus sum	fear, stand in awe of	884
vērō	in fact, certainly, without doubt	280
vertō vertere vertī versum	turn	288
vērus -a -um	true,	410
vester vestra vestrum	your	282
vestīgium -ī n.	footstep, footprint, track	716
vestis -is f.	garment, robe, clothing	413
vetō -āre vetuī vetītum	forbid	665
vetus veteris	old	295
via -ae f.	way, street	196
vīcīnus -a -um	neighboring, near	940
victor -ōris m.	conqueror	340
victōria -ae f.	victory	750
videō vidēre vīdī vīsum	see	31
vincō vincere vīcī victum	conquer	101
vinculum -ī n.	bond, fetter, tie	594
vīnum -ī n.	vine, wine	640
vir virī m.	man	85
virgō -inis f.	maiden, virgin, girl	418
virtūs -ūtis f.	valor, manliness, virtue	111
vīs f.	force; (acc.) vim, (abl.) vī; (pl.) vīrēs, strength	115
vīta -ae f.	life	87
vitium -ī n.	flaw, fault, crime	326
vītō -āre	avoid, shun	881
vīvō vīvere vīxī vīctum	live	156
vix	scarcely	352
vocō -āre	call	158
volō velle voluī	wish, be willing	66
volucer -cris -cre	flying	977
volucris -is f./m.	bird	976
voluntās -ātis f.	wish, desire	859
voluptās -ātis f.	pleasure, enjoyment	378
vōs	you (pl.); (gen.) vestrum/vestrī, (dat./abl.) vōbīs, (acc.) vōs	130
vōtum -ī n.	solemn promise, vow; hope	334
vōx vōcis f.	voice, utterance	169
vulgō	commonly	991
vulgus -ī n. and m.	the common people	675
vulnus -eris n.	wound	327
vultus -ūs m.	look, expression, face	209
